Symbol,Date,Close,High,Low,Open,Volume
AMG,2015-01-01,212.24,212.24,212.24,212.24,0
AMG,2015-01-02,210.43,213.76,207.74,213.76,333258
AMG,2015-01-05,202.8,208.1,201.75,208.1,511598
AMG,2015-01-06,198.43,204.15,196.76,202.73,808345
AMG,2015-01-07,203.3,205.41,200.91,201.14,436116
AMG,2015-01-08,205.37,206.88,204.3,205.45,454343
AMG,2015-01-09,205.34,206.24,201.95,205.24,472396
AMG,2015-01-12,201.59,205.3,200.365,205.3,284468
AMG,2015-01-13,201.17,206.94,199.24,203.95,364027
AMG,2015-01-14,198.04,200.1,194.19,199.12,440462
AMG,2015-01-15,194.37,198.39,194.04,198.15,359531
AMG,2015-01-16,195.39,195.49,191.36,193.36,425334
AMG,2015-01-19,195.39,195.39,195.39,195.39,0
AMG,2015-01-20,197.79,198.9,195.145,197.32,463432
AMG,2015-01-21,202.43,202.81,196.46,196.64,570324
AMG,2015-01-22,210.59,211.08,202.05,203.83,638297
AMG,2015-01-23,206.54,211.19,206.33,210.49,337088
AMG,2015-01-26,210.25,210.699,205.375,205.6,324394
AMG,2015-01-27,204.85,207.92,200.97,205.0,826552
AMG,2015-01-28,205.61,211.44,205.38,207.44,659868
AMG,2015-01-29,205.11,207.77,204.45,206.22,474762
AMG,2015-01-30,205.52,208.9475,202.41,202.41,551871
AMG,2015-02-02,207.22,207.28,203.5,205.02,334304
AMG,2015-02-03,210.96,211.51,206.75,209.87,634715
AMG,2015-02-04,209.52,211.59,208.75,210.0,387550
AMG,2015-02-05,212.94,214.18,209.75,210.73,329343
AMG,2015-02-06,214.45,215.82,212.64,214.35,426249
AMG,2015-02-09,214.75,215.035,211.47,213.55,347844
AMG,2015-02-10,213.25,217.88,212.93,217.0,691636
AMG,2015-02-11,212.98,214.25,211.75,213.5,475007
AMG,2015-02-12,214.56,214.84,213.47,214.17,349979
AMG,2015-02-13,215.77,216.38,213.82,214.33,379023
AMG,2015-02-16,215.77,215.77,215.77,215.77,0
AMG,2015-02-17,217.33,217.725,215.28,215.28,319279
AMG,2015-02-18,216.63,219.219,216.16,216.5,451100
AMG,2015-02-19,217.57,218.2299,215.535,215.91,312794
AMG,2015-02-20,218.31,219.03,215.62,216.7,414319
AMG,2015-02-23,215.85,218.47,214.89,218.47,402565
AMG,2015-02-24,218.12,219.84,216.54,216.54,416982
AMG,2015-02-25,218.43,219.34,217.28,217.28,282686
AMG,2015-02-26,219.05,219.57,217.93,217.93,276750
AMG,2015-02-27,216.42,220.19,216.31,219.3,221627
AMG,2015-03-02,217.99,218.95,216.38,216.81,495474
AMG,2015-03-03,217.04,218.79,215.6,216.97,228088
AMG,2015-03-04,212.75,215.53,212.66,215.53,419251
AMG,2015-03-05,215.81,216.07,212.89,214.05,312450
AMG,2015-03-06,214.39,220.06,213.87,214.91,643515
AMG,2015-03-09,214.56,215.48,213.21,214.26,241341
AMG,2015-03-10,208.91,213.658,208.72,212.35,408063
AMG,2015-03-11,209.26,210.55,208.14,208.73,296798
AMG,2015-03-12,213.82,213.9799,210.64,210.64,290382
AMG,2015-03-13,210.86,213.99,209.2,212.76,431978
AMG,2015-03-16,213.86,214.115,211.25,211.91,479986
AMG,2015-03-17,212.81,213.67,211.68,212.38,516308
AMG,2015-03-18,216.42,217.485,211.54,212.39,436301
AMG,2015-03-19,213.44,217.15,212.87,216.06,330246
AMG,2015-03-20,219.29,219.74,213.36,214.53,545093
AMG,2015-03-23,219.23,221.46,219.23,219.75,349875
AMG,2015-03-24,217.11,219.9,217.11,218.57,247331
AMG,2015-03-25,213.89,217.26,213.62,217.12,326350
AMG,2015-03-26,215.14,216.975,211.81,213.09,369165
AMG,2015-03-27,213.92,216.02,212.5,214.47,286003
AMG,2015-03-30,216.61,218.02,214.44,216.34,270415
AMG,2015-03-31,214.78,216.91,214.7,214.77,390425
AMG,2015-04-01,214.49,216.45,213.66,215.18,406771
AMG,2015-04-02,214.24,215.73,213.02,213.55,273083
AMG,2015-04-03,214.24,214.24,214.24,214.24,0
AMG,2015-04-06,215.14,215.95,211.98,212.31,376640
AMG,2015-04-07,214.17,216.06,214.17,214.91,272770
AMG,2015-04-08,215.74,216.22,214.31,215.22,208798
AMG,2015-04-09,218.7,218.86,214.245,215.5,289082
AMG,2015-04-10,217.7,219.26,215.65,218.62,373656
AMG,2015-04-13,219.1,220.31,216.61,216.97,405892
AMG,2015-04-14,219.86,221.16,217.65,218.02,424445
AMG,2015-04-15,219.51,221.4012,219.265,220.13,292287
AMG,2015-04-16,219.93,220.5,217.56,219.08,223260
AMG,2015-04-17,218.02,218.92,216.36,217.76,359132
AMG,2015-04-20,220.0,220.58,218.14,219.92,218609
AMG,2015-04-21,220.24,222.422,219.16,220.47,246832
AMG,2015-04-22,221.04,221.39,218.14,220.25,182845
AMG,2015-04-23,222.18,222.73,219.83,221.22,198129
AMG,2015-04-24,222.35,223.15,220.72,221.57,265867
AMG,2015-04-27,222.69,226.02,222.413,223.02,432668
AMG,2015-04-28,228.02,228.912,219.24,223.6,530496
AMG,2015-04-29,225.4,230.63,225.28,227.03,835092
AMG,2015-04-30,226.13,227.89,224.57,225.63,686389
AMG,2015-05-01,226.45,228.68,225.52,228.02,414694
AMG,2015-05-04,226.79,228.01,225.49,227.76,284420
AMG,2015-05-05,223.71,227.48,222.29,225.9,545488
AMG,2015-05-06,220.92,224.033,219.045,223.93,390652
AMG,2015-05-07,221.54,222.63,219.9801,221.64,333835
AMG,2015-05-08,223.47,227.76,222.11,224.61,425156
AMG,2015-05-11,223.04,224.94,222.82,223.86,283813
AMG,2015-05-12,221.0,222.1099,219.49,221.96,258778
AMG,2015-05-13,220.96,221.515,219.625,220.83,437526
AMG,2015-05-14,223.37,224.26,221.28,222.59,241645
AMG,2015-05-15,222.4,224.73,221.1,223.77,250116
AMG,2015-05-18,224.8,225.65,222.2,222.2,225618
AMG,2015-05-19,224.34,225.42,223.42,225.0,228278
AMG,2015-05-20,225.71,226.9,223.0595,224.29,284197
AMG,2015-05-21,225.46,226.35,224.77,224.77,195189
AMG,2015-05-22,224.88,226.31,224.08,225.21,150957
AMG,2015-05-25,224.88,224.88,224.88,224.88,0
AMG,2015-05-26,222.63,224.95,222.28,224.9,247968
AMG,2015-05-27,224.85,225.06,222.68,223.63,160497
AMG,2015-05-28,225.04,225.53,223.47,225.53,273147
AMG,2015-05-29,223.66,225.87,223.65,224.8,456383
AMG,2015-06-01,223.09,224.82,221.55,224.33,363459
AMG,2015-06-02,224.74,225.67,221.46,222.56,370101
AMG,2015-06-03,226.07,226.69,224.87,226.0,452531
AMG,2015-06-04,223.02,225.77,222.81,224.83,515333
AMG,2015-06-05,222.15,225.35,221.66,224.4,369412
AMG,2015-06-08,220.21,223.77,219.82,223.37,332160
AMG,2015-06-09,218.48,221.62,217.55,220.04,505390
AMG,2015-06-10,223.86,224.24,219.38,219.68,347077
AMG,2015-06-11,224.15,226.05,223.34,224.85,249043
AMG,2015-06-12,221.65,223.4,221.21,223.4,132617
AMG,2015-06-15,221.23,221.62,218.81,219.34,250638
AMG,2015-06-16,223.82,224.12,220.16,220.58,217262
AMG,2015-06-17,223.31,225.69,222.7,224.64,274846
AMG,2015-06-18,225.04,225.555,223.32,224.08,340333
AMG,2015-06-19,225.13,226.29,223.87,225.35,453935
AMG,2015-06-22,227.9,229.1,224.1,226.34,322716
AMG,2015-06-23,227.92,229.12,227.5,228.0,464950
AMG,2015-06-24,226.42,227.78,225.5,226.77,508920
AMG,2015-06-25,225.89,227.62,225.5053,226.83,338500
AMG,2015-06-26,226.76,227.89,225.5,226.99,552844
AMG,2015-06-29,219.27,225.025,218.98,224.05,310315
AMG,2015-06-30,218.6,222.45,216.9,221.27,603462
AMG,2015-07-01,220.07,221.8,218.63,220.67,304589
AMG,2015-07-02,219.25,220.89,217.851,219.48,226958
AMG,2015-07-03,219.25,219.25,219.25,219.25,0
AMG,2015-07-06,215.75,217.32,214.37,216.67,316765
AMG,2015-07-07,215.65,216.1,209.0,216.1,503409
AMG,2015-07-08,208.8,213.78,208.19,213.29,423685
AMG,2015-07-09,210.63,214.58,209.24,212.55,485848
AMG,2015-07-10,213.82,214.74,211.56,212.88,523362
AMG,2015-07-13,216.52,216.96,214.553,215.31,345231
AMG,2015-07-14,216.66,217.72,215.48,215.9,254149
AMG,2015-07-15,216.73,218.11,216.06,216.89,213585
AMG,2015-07-16,219.99,220.58,217.05,218.18,340597
AMG,2015-07-17,218.8,220.16,217.11,219.27,350058
AMG,2015-07-20,218.24,219.4,217.32,219.4,167832
AMG,2015-07-21,217.9,220.35,217.325,218.96,196965
AMG,2015-07-22,218.69,219.27,217.12,217.88,211665
AMG,2015-07-23,216.25,220.72,215.95,219.07,235644
AMG,2015-07-24,213.69,216.71,212.74,215.86,237291
AMG,2015-07-27,210.16,211.41,207.75,211.36,483969
AMG,2015-07-28,208.02,210.663,206.17,209.0,606204
AMG,2015-07-29,210.41,210.57,205.13,207.88,802948
AMG,2015-07-30,209.25,209.92,207.24,209.24,577538
AMG,2015-07-31,207.9,210.17,206.21,210.17,678441
AMG,2015-08-03,208.75,208.85,205.95,207.42,553208
AMG,2015-08-04,211.02,211.64,209.17,209.65,423301
AMG,2015-08-05,212.08,214.86,211.44,212.51,349535
AMG,2015-08-06,209.63,212.56,208.84,212.04,173366
AMG,2015-08-07,209.02,209.74,207.46,209.13,232339
AMG,2015-08-10,211.83,212.47,211.0,211.11,230277
AMG,2015-08-11,207.5,210.19,206.37,209.95,258994
AMG,2015-08-12,203.33,206.63,200.08,205.15,669629
AMG,2015-08-13,203.53,205.0,201.7601,202.99,245556
AMG,2015-08-14,205.55,205.73,203.6,204.06,168677
AMG,2015-08-17,205.72,205.9025,203.62,204.71,144511
AMG,2015-08-18,204.91,205.94,203.885,205.31,181024
AMG,2015-08-19,201.77,205.14,200.88,204.03,326823
AMG,2015-08-20,196.85,201.34,196.691,198.85,362664
AMG,2015-08-21,190.72,196.32,190.64,194.81,668272
AMG,2015-08-24,182.73,188.6599,170.17,179.49,830582
AMG,2015-08-25,179.59,189.27,179.42,188.83,777957
AMG,2015-08-26,184.71,184.99,179.1,182.13,802006
AMG,2015-08-27,189.07,190.33,185.925,186.58,552988
AMG,2015-08-28,187.48,188.85,184.62,187.43,888186
AMG,2015-08-31,186.44,189.11,185.27,186.35,377917
AMG,2015-09-01,179.21,183.57,178.3501,182.23,608712
AMG,2015-09-02,178.83,181.97,176.46,181.51,619711
AMG,2015-09-03,177.57,180.64,176.43,178.01,638166
AMG,2015-09-04,173.25,178.6,172.29,175.78,702293
AMG,2015-09-07,173.25,173.25,173.25,173.25,0
AMG,2015-09-08,180.63,180.64,174.6809,175.92,583830
AMG,2015-09-09,177.61,183.02,177.19,182.0,465943
AMG,2015-09-10,176.94,178.95,175.85,176.57,335128
AMG,2015-09-11,176.01,178.19,173.69,175.78,417347
AMG,2015-09-14,174.64,176.09,173.48,176.09,315506
AMG,2015-09-15,177.76,178.2,173.74,174.51,477116
AMG,2015-09-16,180.85,181.14,175.96,178.07,625105
AMG,2015-09-17,179.52,182.96,179.0,180.5,466797
AMG,2015-09-18,175.21,179.01,174.53,177.69,639110
AMG,2015-09-21,176.02,178.34,175.12,176.53,354561
AMG,2015-09-22,171.85,174.42,170.37,173.39,312229
AMG,2015-09-23,169.88,173.02,168.86,172.3,528189
AMG,2015-09-24,170.01,170.41,167.04,168.15,401145
AMG,2015-09-25,170.59,172.722,169.88,172.11,281117
AMG,2015-09-28,165.65,169.05,165.52,168.89,484995
AMG,2015-09-29,166.61,167.09,164.54,166.07,461969
AMG,2015-09-30,170.99,171.95,168.43,168.74,564354
AMG,2015-10-01,170.36,172.23,168.55,171.07,323289
AMG,2015-10-02,170.51,170.51,163.5,167.12,748810
AMG,2015-10-05,174.33,175.12,171.72,172.24,489327
AMG,2015-10-06,174.07,175.58,173.08,173.77,304591
AMG,2015-10-07,177.07,177.32,174.61,175.02,567739
AMG,2015-10-08,177.05,177.76,173.14,175.72,366919
AMG,2015-10-09,177.07,177.58,173.0,177.28,310510
AMG,2015-10-12,175.13,177.01,173.87,176.81,236202
AMG,2015-10-13,171.01,175.005,170.83,173.89,226317
AMG,2015-10-14,170.6,172.93,169.46,171.31,288671
AMG,2015-10-15,175.61,175.655,170.69,171.39,283969
AMG,2015-10-16,176.7,177.09,175.01,176.65,274631
AMG,2015-10-19,172.93,175.89,172.53,175.72,424031
AMG,2015-10-20,173.13,174.23,172.16,172.16,450030
AMG,2015-10-21,168.75,174.01,168.64,173.87,508208
AMG,2015-10-22,176.88,177.1,167.7201,169.84,440040
AMG,2015-10-23,181.71,181.95,177.08,178.71,444927
AMG,2015-10-26,181.02,181.96,179.67,181.35,273030
AMG,2015-10-27,178.57,180.68,176.61,179.33,245296
AMG,2015-10-28,183.3,183.484,178.31,178.33,219387
AMG,2015-10-29,179.87,183.295,178.07,182.95,452301
AMG,2015-10-30,180.26,180.91,178.65,179.89,327702
AMG,2015-11-02,185.06,185.75,180.72,180.72,421088
AMG,2015-11-03,186.75,187.09,183.44,184.32,272967
AMG,2015-11-04,186.65,188.485,186.02,186.93,278632
AMG,2015-11-05,187.31,188.445,186.23,186.29,190132
AMG,2015-11-06,188.97,190.74,186.08,188.4,398905
AMG,2015-11-09,177.87,187.08,176.99,185.25,600165
AMG,2015-11-10,177.05,180.57,176.01,177.91,733707
AMG,2015-11-11,176.78,178.56,176.565,177.94,671081
AMG,2015-11-12,171.29,176.78,171.13,175.41,916191
AMG,2015-11-13,167.53,171.385,166.6,170.66,878363
AMG,2015-11-16,172.07,172.17,166.59,167.47,666994
AMG,2015-11-17,170.45,173.2699,170.17,172.71,516789
AMG,2015-11-18,176.34,176.51,170.4521,171.42,749249
AMG,2015-11-19,176.71,178.98,175.69,176.48,775515
AMG,2015-11-20,175.26,178.74,174.97,177.46,325577
AMG,2015-11-23,174.82,177.54,174.59,175.38,260944
AMG,2015-11-24,175.54,176.3,172.88,173.4,260658
AMG,2015-11-25,176.18,177.2,175.3,175.82,214867
AMG,2015-11-26,176.18,176.18,176.18,176.18,0
AMG,2015-11-27,176.69,177.37,175.06,176.5,112046
AMG,2015-11-30,177.23,178.38,176.02,177.03,323897
AMG,2015-12-01,179.87,180.01,177.1,177.67,414309
AMG,2015-12-02,175.73,179.85,175.23,179.65,273594
AMG,2015-12-03,170.65,177.73,169.42,177.1,429207
AMG,2015-12-04,175.52,175.69,171.185,171.2,289350
AMG,2015-12-07,172.6,175.25,171.47,175.01,232297
AMG,2015-12-08,169.05,171.44,168.14,170.9,324083
AMG,2015-12-09,166.6,170.75,165.96,168.52,284008
AMG,2015-12-10,165.86,168.32,165.83,166.32,360028
AMG,2015-12-11,152.76,163.89,152.4,163.0,1163910
AMG,2015-12-14,144.01,153.98,141.68,153.24,1987968
AMG,2015-12-15,152.24,153.06,145.0,145.0,2043780
AMG,2015-12-16,159.08,159.33,152.75,154.0,1093345
AMG,2015-12-17,157.73,161.04,155.24,159.24,1129280
AMG,2015-12-18,153.75,156.16,152.33,155.41,1173313
AMG,2015-12-21,154.23,156.2,153.03,154.56,716438
AMG,2015-12-22,157.92,158.385,153.71,155.29,529818
AMG,2015-12-23,162.65,162.91,158.11,159.64,510897
AMG,2015-12-24,163.1,164.295,162.05,162.53,281485
AMG,2015-12-25,163.1,163.1,163.1,163.1,0
AMG,2015-12-28,163.25,163.38,160.76,161.67,374232
AMG,2015-12-29,162.66,166.319,161.75,164.8,383775
AMG,2015-12-30,160.74,163.26,160.28,161.97,276772
AMG,2015-12-31,159.76,162.17,157.8068,159.64,327367
AMG,2016-01-01,159.76,159.76,159.76,159.76,0
AMG,2016-01-04,155.99,156.24,153.26,155.11,611023
AMG,2016-01-05,154.73,158.21,153.07,157.19,442755
AMG,2016-01-06,147.93,151.54,147.0,151.54,712581
AMG,2016-01-07,139.0,144.07,138.24,143.93,1136106
AMG,2016-01-08,134.23,140.928,134.04,140.53,1449790
AMG,2016-01-11,135.84,136.93,132.24,135.57,933682
AMG,2016-01-12,136.37,137.41,134.3,136.94,640565
AMG,2016-01-13,131.16,138.0,130.0,137.06,864277
AMG,2016-01-14,131.82,133.66,128.38,131.99,717967
AMG,2016-01-15,128.2,129.728,124.41,128.22,951676
AMG,2016-01-18,128.2,128.2,128.2,128.2,0
AMG,2016-01-19,128.61,131.87,126.7,129.92,864391
AMG,2016-01-20,126.57,128.0,120.68,125.49,992557
AMG,2016-01-21,127.44,131.33,126.0,127.18,460237
AMG,2016-01-22,134.53,134.98,130.35,131.07,788184
AMG,2016-01-25,128.18,134.885,127.56,134.17,727981
AMG,2016-01-26,131.4,132.225,126.8601,126.88,701474
AMG,2016-01-27,131.1,134.71,130.1101,131.17,715731
AMG,2016-01-28,128.78,133.385,128.26,132.64,472268
AMG,2016-01-29,134.19,134.34,129.98,130.26,616692
AMG,2016-02-01,132.2,133.205,129.54,132.83,602039
AMG,2016-02-02,122.6,127.7,121.72,125.99,960422
AMG,2016-02-03,122.4,123.51,117.29,123.51,792685
AMG,2016-02-04,128.66,130.65,122.15,123.33,640677
AMG,2016-02-05,124.75,129.96,124.16,128.55,634762
AMG,2016-02-08,120.36,121.98,117.12,121.58,780195
AMG,2016-02-09,119.94,120.76,117.1,117.69,743039
AMG,2016-02-10,120.99,123.65,120.26,120.69,533912
AMG,2016-02-11,117.8,120.07,115.97,116.46,763863
AMG,2016-02-12,124.42,125.2,119.12,120.47,530004
AMG,2016-02-15,124.42,124.42,124.42,124.42,0
AMG,2016-02-16,126.62,127.92,125.355,126.83,628405
AMG,2016-02-17,130.6,132.39,128.84,128.84,455361
AMG,2016-02-18,129.2,130.99,127.59,130.76,658393
AMG,2016-02-19,129.54,129.63,125.87,128.04,666845
AMG,2016-02-22,134.99,135.27,132.08,132.08,571179
AMG,2016-02-23,129.17,134.77,129.0,134.43,635964
AMG,2016-02-24,128.93,129.49,124.64,126.56,870246
AMG,2016-02-25,130.3,130.36,126.42,129.29,476100
AMG,2016-02-26,136.93,137.3,132.18,133.06,738495
AMG,2016-02-29,138.69,139.96,137.015,137.38,1339417
AMG,2016-03-01,144.18,145.15,139.76,140.48,957227
AMG,2016-03-02,145.19,145.28,142.29,144.05,753300
AMG,2016-03-03,150.01,150.18,144.14,144.86,641998
AMG,2016-03-04,153.22,154.35,149.28,151.13,815975
AMG,2016-03-07,151.58,152.34,149.88,151.16,383245
AMG,2016-03-08,147.33,150.8,147.17,149.9,412248
AMG,2016-03-09,148.27,149.16,145.73,149.16,340774
AMG,2016-03-10,145.9,150.04,143.24,149.87,591682
AMG,2016-03-11,153.66,154.11,147.75,149.97,724788
AMG,2016-03-14,151.62,152.56,148.5,152.2,499732
AMG,2016-03-15,148.25,150.44,146.3,149.73,498475
AMG,2016-03-16,152.92,153.42,146.91,146.91,658572
AMG,2016-03-17,159.94,161.56,152.74,152.74,810470
AMG,2016-03-18,160.0,163.93,158.51,160.81,1000687
AMG,2016-03-21,162.38,163.07,158.28,161.0,693653
AMG,2016-03-22,161.49,161.9,158.76,160.2,423117
AMG,2016-03-23,158.98,161.37,158.84,161.37,497053
AMG,2016-03-24,157.43,157.55,154.6011,156.66,396236
AMG,2016-03-25,157.43,157.43,157.43,157.43,0
AMG,2016-03-28,156.53,158.03,155.465,158.03,297264
AMG,2016-03-29,160.33,160.74,154.44,155.36,590930
AMG,2016-03-30,163.05,165.1,160.97,161.49,694467
AMG,2016-03-31,162.4,163.9,161.79,162.31,390710
AMG,2016-04-01,163.89,164.11,160.095,160.95,396078
AMG,2016-04-04,160.62,164.17,160.09,164.16,426231
AMG,2016-04-05,159.24,160.69,157.16,158.88,682198
AMG,2016-04-06,160.7,161.65,158.72,159.6,471242
AMG,2016-04-07,156.0,159.75,154.71,158.67,412572
AMG,2016-04-08,157.28,158.36,156.16,158.19,487756
AMG,2016-04-11,159.14,161.99,158.255,159.11,423473
AMG,2016-04-12,164.15,164.71,158.52,159.89,445213
AMG,2016-04-13,170.49,170.71,165.3301,166.2,506147
AMG,2016-04-14,171.82,173.72,169.91,170.56,540575
AMG,2016-04-15,169.99,171.71,169.21,171.6,440129
AMG,2016-04-18,170.25,170.88,168.41,168.45,629913
AMG,2016-04-19,172.68,172.96,170.58,171.18,771479
AMG,2016-04-20,175.18,175.67,171.77,173.89,508645
AMG,2016-04-21,174.91,176.16,173.12,174.92,531515
AMG,2016-04-22,177.75,178.45,173.495,175.31,568350
AMG,2016-04-25,174.93,178.67,173.2,177.33,623790
AMG,2016-04-26,177.46,178.34,175.53,177.02,502749
AMG,2016-04-27,179.01,179.85,176.17,177.0,475966
AMG,2016-04-28,173.77,177.87,173.1,175.45,425811
AMG,2016-04-29,170.32,173.57,168.645,173.0,800234
AMG,2016-05-02,171.85,172.83,167.26,170.29,733554
AMG,2016-05-03,166.24,168.92,163.06,168.5,785684
AMG,2016-05-04,162.45,165.935,160.25,163.66,492381
AMG,2016-05-05,162.62,163.29,159.98,162.86,624719
AMG,2016-05-06,163.61,164.8,160.59,161.37,335479
AMG,2016-05-09,161.94,164.68,161.85,163.28,380624
AMG,2016-05-10,167.58,167.72,162.86,163.61,453718
AMG,2016-05-11,165.42,168.52,165.23,166.61,487730
AMG,2016-05-12,168.34,169.24,165.33,166.81,682358
AMG,2016-05-13,162.92,169.34,162.6,167.53,541017
AMG,2016-05-16,163.87,165.17,162.95,163.48,294992
AMG,2016-05-17,162.51,166.04,161.66,162.94,478585
AMG,2016-05-18,165.22,165.86,162.32,162.32,386871
AMG,2016-05-19,161.75,165.27,160.56,163.14,371669
AMG,2016-05-20,165.35,167.01,162.36,163.34,357616
AMG,2016-05-23,164.89,166.135,164.33,164.76,260199
AMG,2016-05-24,170.66,171.63,166.16,166.16,514941
AMG,2016-05-25,171.64,173.03,171.12,171.97,373439
AMG,2016-05-26,170.3,171.82,169.785,171.81,264546
AMG,2016-05-27,172.48,172.55,170.08,170.08,210244
AMG,2016-05-30,172.48,172.48,172.48,172.48,0
AMG,2016-05-31,173.52,174.71,172.22,173.62,364872
AMG,2016-06-01,172.72,173.07,168.81,172.37,369573
AMG,2016-06-02,172.33,172.3499,170.24,171.61,304230
AMG,2016-06-03,171.52,171.87,167.27,170.32,557353
AMG,2016-06-06,175.48,177.765,173.2,173.92,491096
AMG,2016-06-07,171.73,174.58,171.0,172.93,1958243
AMG,2016-06-08,170.94,174.0,169.19,172.57,592229
AMG,2016-06-09,166.51,169.18,164.7,169.08,522123
AMG,2016-06-10,159.68,163.84,159.41,163.46,774628
AMG,2016-06-13,156.99,159.64,156.79,158.86,876540
AMG,2016-06-14,154.17,157.28,152.45,156.17,630860
AMG,2016-06-15,153.84,157.09,153.67,155.16,516526
AMG,2016-06-16,151.99,152.27,149.75,151.92,474924
AMG,2016-06-17,151.72,153.4799,150.79,152.24,559054
AMG,2016-06-20,153.23,156.69,153.18,154.15,513445
AMG,2016-06-21,153.21,154.6,152.75,154.18,350309
AMG,2016-06-22,154.37,156.15,152.805,153.2,429691
AMG,2016-06-23,159.56,159.65,156.84,157.5,482855
AMG,2016-06-24,141.1,150.84,140.91,148.22,1374745
AMG,2016-06-27,132.73,137.28,131.16,137.13,1301551
AMG,2016-06-28,136.54,138.62,134.45,135.7,773352
AMG,2016-06-29,140.02,140.13,137.7,139.91,572758
AMG,2016-06-30,140.77,141.26,138.3775,140.08,1093786
AMG,2016-07-01,138.47,140.89,137.13,140.44,746969
AMG,2016-07-04,138.47,138.47,138.47,138.47,0
AMG,2016-07-05,134.19,136.88,133.21,136.88,847601
AMG,2016-07-06,132.45,133.36,131.02,132.77,1333542
AMG,2016-07-07,134.36,135.52,131.73,132.71,1022794
AMG,2016-07-08,138.85,139.13,136.73,137.42,922545
AMG,2016-07-11,139.97,142.74,139.67,140.3,1004454
AMG,2016-07-12,143.74,144.53,141.74,141.89,590457
AMG,2016-07-13,142.92,143.975,141.795,143.57,562682
AMG,2016-07-14,144.23,147.4,144.23,146.8,553371
AMG,2016-07-15,144.64,145.47,142.68,145.23,399883
AMG,2016-07-18,146.42,146.87,144.63,145.58,444658
AMG,2016-07-19,145.98,146.32,144.6,145.14,386531
AMG,2016-07-20,146.61,147.12,144.91,146.91,290532
AMG,2016-07-21,145.94,147.43,145.815,146.09,487353
AMG,2016-07-22,145.73,146.36,145.0,146.23,358153
AMG,2016-07-25,144.4,145.73,143.91,145.45,420643
AMG,2016-07-26,144.94,145.51,142.65,144.58,497644
AMG,2016-07-27,145.84,146.62,145.09,145.28,502067
AMG,2016-07-28,146.32,146.78,144.39,145.48,340655
AMG,2016-07-29,146.78,148.15,144.835,145.79,426133
AMG,2016-08-01,144.49,146.46,139.45,144.25,952372
AMG,2016-08-02,141.03,144.61,140.41,143.81,478366
AMG,2016-08-03,143.63,144.35,140.45,141.2,269356
AMG,2016-08-04,142.22,143.945,141.33,143.22,337828
AMG,2016-08-05,146.28,146.58,143.88,143.88,447995
AMG,2016-08-08,144.82,148.37,144.58,147.0,298578
AMG,2016-08-09,144.03,145.23,143.1,145.23,566769
AMG,2016-08-10,143.47,144.99,143.01,144.33,352727
AMG,2016-08-11,143.81,144.65,143.58,144.36,319955
AMG,2016-08-12,143.13,143.46,141.77,142.73,299155
AMG,2016-08-15,143.88,144.521,143.31,143.95,236242
AMG,2016-08-16,141.26,143.43,141.21,143.43,444026
AMG,2016-08-17,141.8,142.1052,140.91,141.17,429873
AMG,2016-08-18,141.75,142.92,141.34,141.52,277592
AMG,2016-08-19,141.73,142.17,140.45,141.16,267521
AMG,2016-08-22,140.72,141.32,140.0,141.32,377912
AMG,2016-08-23,143.65,144.39,141.17,141.82,468151
AMG,2016-08-24,141.21,144.06,140.96,143.55,581623
AMG,2016-08-25,140.34,142.04,139.32,140.57,371848
AMG,2016-08-26,142.49,142.675,140.47,141.03,442994
AMG,2016-08-29,142.37,144.29,142.18,142.78,333130
AMG,2016-08-30,143.75,143.89,142.47,142.61,261595
AMG,2016-08-31,142.05,144.545,141.42,144.11,437694
AMG,2016-09-01,139.81,142.61,138.26,142.33,474155
AMG,2016-09-02,140.45,141.03,139.59,140.61,321903
AMG,2016-09-05,140.45,140.45,140.45,140.45,0
AMG,2016-09-06,141.81,142.34,139.88,140.8,567984
AMG,2016-09-07,147.71,147.91,141.77,141.77,876667
AMG,2016-09-08,147.53,148.7,145.96,147.56,458747
AMG,2016-09-09,144.01,147.31,144.01,146.17,458473
AMG,2016-09-12,147.68,148.2,142.08,142.33,471806
AMG,2016-09-13,144.76,146.32,143.98,145.2,483999
AMG,2016-09-14,143.91,145.06,142.68,144.38,337482
AMG,2016-09-15,146.74,147.31,143.81,143.81,381561
AMG,2016-09-16,144.55,146.5,143.92,145.53,751807
AMG,2016-09-19,145.19,148.64,144.15,145.22,535453
AMG,2016-09-20,142.85,146.76,142.76,146.76,450286
AMG,2016-09-21,144.63,145.05,142.51,143.59,313881
AMG,2016-09-22,147.29,147.71,145.28,146.41,342480
AMG,2016-09-23,144.43,147.29,144.37,146.18,239303
AMG,2016-09-26,141.16,143.94,140.75,142.67,359380
AMG,2016-09-27,141.72,142.1,139.43,140.0,330330
AMG,2016-09-28,143.66,143.84,141.87,142.6,303292
AMG,2016-09-29,140.61,145.102,140.42,142.96,483129
AMG,2016-09-30,144.7,145.27,141.29,142.71,581856
AMG,2016-10-03,146.4,147.15,143.94,144.19,527409
AMG,2016-10-04,147.07,148.5,146.28,146.66,671601
AMG,2016-10-05,152.79,153.16,147.5,147.5,840359
AMG,2016-10-06,154.44,154.68,152.15,153.15,811014
AMG,2016-10-07,153.06,154.26,151.86,154.0,423086
AMG,2016-10-10,151.27,154.86,151.265,154.41,364194
AMG,2016-10-11,146.64,150.87,145.95,150.87,735340
AMG,2016-10-12,145.81,147.7,145.61,146.76,469098
AMG,2016-10-13,142.63,143.475,140.36,143.35,539386
AMG,2016-10-14,142.34,145.6,141.62,144.74,369762
AMG,2016-10-17,139.82,142.86,139.66,142.76,398084
AMG,2016-10-18,141.39,142.41,140.11,142.11,393859
AMG,2016-10-19,141.78,142.61,141.1,141.87,274825
AMG,2016-10-20,140.98,142.84,140.45,141.37,342547
AMG,2016-10-21,141.37,141.49,138.92,139.26,667074
AMG,2016-10-24,142.71,144.16,142.45,143.07,457736
AMG,2016-10-25,141.77,143.41,140.83,142.46,259701
AMG,2016-10-26,140.98,142.3075,140.14,140.65,341211
AMG,2016-10-27,138.92,142.22,137.97,142.22,728084
AMG,2016-10-28,137.84,139.68,135.22,139.07,728047
AMG,2016-10-31,132.66,139.9,132.52,139.8,1026261
AMG,2016-11-01,134.34,135.18,131.94,133.13,699214
AMG,2016-11-02,131.57,133.915,130.63,133.4,538645
AMG,2016-11-03,132.86,133.71,131.4555,131.82,624879
AMG,2016-11-04,132.29,133.86,131.59,132.15,720806
AMG,2016-11-07,133.03,137.57,132.34,135.8,995524
AMG,2016-11-08,131.75,132.68,130.48,132.47,461960
AMG,2016-11-09,139.32,140.05,131.77,131.86,672049
AMG,2016-11-10,147.73,152.52,140.94,140.94,1639899
AMG,2016-11-11,144.33,147.9,142.37,146.54,671364
AMG,2016-11-14,143.44,149.125,142.645,146.24,783943
AMG,2016-11-15,142.78,143.3799,139.15,142.69,769050
AMG,2016-11-16,142.93,143.52,139.87,141.61,363041
AMG,2016-11-17,142.6,144.2,141.44,142.95,358370
AMG,2016-11-18,140.63,142.7,140.43,142.5,443860
AMG,2016-11-21,143.55,143.74,141.19,141.56,502275
AMG,2016-11-22,145.38,145.53,143.41,143.94,595535
AMG,2016-11-23,147.2,147.6,144.13,145.38,562153
AMG,2016-11-24,147.2,147.2,147.2,147.2,0
AMG,2016-11-25,148.59,149.99,147.22,147.22,246032
AMG,2016-11-28,146.43,147.85,145.54,147.42,800919
AMG,2016-11-29,145.0,147.39,144.49,146.5,689430
AMG,2016-11-30,148.1,148.66,146.8,147.1,592908
AMG,2016-12-01,148.44,151.09,148.22,149.01,599904
AMG,2016-12-02,147.08,148.81,146.4184,148.3,485431
AMG,2016-12-05,149.99,151.1,149.03,149.21,443818
AMG,2016-12-06,153.6,153.74,150.1,150.76,447245
AMG,2016-12-07,157.81,158.5,153.12,153.21,588729
AMG,2016-12-08,161.38,162.42,157.03,159.11,662072
AMG,2016-12-09,161.11,162.55,160.41,161.46,477505
AMG,2016-12-12,158.38,162.85,158.31,160.61,673201
AMG,2016-12-13,160.73,161.25,158.545,158.95,692959
AMG,2016-12-14,154.82,160.6,154.55,159.29,701490
AMG,2016-12-15,151.39,157.22,151.0,155.46,1008934
AMG,2016-12-16,148.49,153.02,148.3,151.07,936646
AMG,2016-12-19,146.25,149.1,145.02,147.64,562955
AMG,2016-12-20,146.98,148.2699,146.0401,147.72,539550
AMG,2016-12-21,147.3,148.09,144.69,146.71,683079
AMG,2016-12-22,145.88,147.9,145.2,147.37,361285
AMG,2016-12-23,143.98,145.89,143.12,145.75,334227
AMG,2016-12-26,143.98,143.98,143.98,143.98,0
AMG,2016-12-27,145.05,145.41,144.105,144.66,392088
AMG,2016-12-28,143.67,145.12,142.96,145.0,429031
AMG,2016-12-29,143.93,145.4,143.04,143.5,496083
AMG,2016-12-30,145.3,146.209,144.37,144.94,670342
AMG,2017-01-02,145.3,145.3,145.3,145.3,0
AMG,2017-01-03,145.79,148.945,144.4,147.72,625463
AMG,2017-01-04,149.41,149.94,145.49,145.93,649597
AMG,2017-01-05,147.58,149.9725,145.54,149.05,418747
AMG,2017-01-06,147.25,148.804,146.19,148.1,455952
AMG,2017-01-09,143.43,147.0,143.03,145.78,463150
AMG,2017-01-10,143.27,144.16,142.53,143.43,541900
AMG,2017-01-11,145.22,145.25,142.75,143.2,500206
AMG,2017-01-12,143.58,144.605,140.85,144.28,565561
AMG,2017-01-13,143.53,146.43,143.26,144.33,495649
AMG,2017-01-16,143.53,143.53,143.53,143.53,0
AMG,2017-01-17,141.39,143.52,141.21,142.72,937658
AMG,2017-01-18,142.03,142.08,139.52,141.72,981555
AMG,2017-01-19,141.34,143.22,140.75,142.2,344025
AMG,2017-01-20,143.49,143.675,142.1,142.1,383088
AMG,2017-01-23,142.86,143.78,141.576,142.79,570658
AMG,2017-01-24,144.86,146.1599,143.4,143.85,556832
AMG,2017-01-25,145.7,146.36,144.115,145.96,589116
AMG,2017-01-26,144.47,146.49,143.42,146.49,755230
AMG,2017-01-27,144.45,144.75,142.2,144.06,549747
AMG,2017-01-30,151.32,151.82,143.07,144.18,1380975
AMG,2017-01-31,152.36,153.59,150.2,152.23,1065828
AMG,2017-02-01,156.58,157.119,152.21,153.58,1081702
AMG,2017-02-02,154.96,157.03,154.225,155.13,826971
AMG,2017-02-03,158.13,158.895,156.6,157.9,1156313
AMG,2017-02-06,157.65,159.24,157.0,157.0,651892
AMG,2017-02-07,160.54,161.11,158.71,158.97,724409
AMG,2017-02-08,161.49,161.7,159.12,160.06,732801
AMG,2017-02-09,163.86,164.3,161.19,162.72,785343
AMG,2017-02-10,167.62,168.17,164.07,165.0,713477
AMG,2017-02-13,167.32,168.91,166.68,168.5,418841
AMG,2017-02-14,167.68,167.94,166.26,166.54,582996
AMG,2017-02-15,170.33,170.7,167.8,168.0,566864
AMG,2017-02-16,167.9,170.7,167.34,170.47,433883
AMG,2017-02-17,168.42,169.33,165.63,166.32,347799
AMG,2017-02-20,168.42,168.42,168.42,168.42,0
AMG,2017-02-21,170.91,171.18,168.75,168.75,378419
AMG,2017-02-22,169.42,170.84,168.76,169.67,436943
AMG,2017-02-23,169.26,170.35,167.89,169.87,346862
AMG,2017-02-24,168.03,168.49,166.05,167.98,473458
AMG,2017-02-27,168.96,169.59,167.03,167.93,344915
AMG,2017-02-28,167.93,169.22,166.41,168.27,445546
AMG,2017-03-01,169.31,171.65,168.74,171.11,397584
AMG,2017-03-02,168.2,169.95,167.145,169.65,463635
AMG,2017-03-03,168.75,170.29,168.07,168.52,443275
AMG,2017-03-06,167.19,168.57,166.33,166.8,447705
AMG,2017-03-07,166.56,167.855,165.73,166.56,364052
AMG,2017-03-08,166.35,169.61,166.15,167.93,275213
AMG,2017-03-09,165.3,167.9,164.24,167.24,399148
AMG,2017-03-10,163.9,166.92,163.66,166.66,554311
AMG,2017-03-13,163.8,164.38,162.28,164.0,601042
AMG,2017-03-14,164.29,164.63,161.39,163.06,309836
AMG,2017-03-15,165.86,166.81,163.55,165.54,492690
AMG,2017-03-16,166.0,168.49,165.8,166.82,306319
AMG,2017-03-17,162.81,166.47,162.47,166.47,819640
AMG,2017-03-20,162.03,163.64,160.8,162.94,404615
AMG,2017-03-21,159.29,163.52,158.445,163.52,455828
AMG,2017-03-22,159.22,160.24,157.4801,158.59,394257
AMG,2017-03-23,158.89,161.14,158.1,159.29,273278
AMG,2017-03-24,158.86,160.91,157.98,159.4,303761
AMG,2017-03-27,159.0,159.24,155.27,156.15,312713
AMG,2017-03-28,163.7,164.85,158.1691,158.83,460481
AMG,2017-03-29,162.87,163.66,160.62,162.86,372124
AMG,2017-03-30,163.94,164.39,162.04,162.48,287618
AMG,2017-03-31,163.94,164.93,162.84,163.29,380891
AMG,2017-04-03,162.97,164.98,161.12,164.24,392969
AMG,2017-04-04,160.09,163.2,159.38,161.86,358217
AMG,2017-04-05,159.2,162.68,158.84,161.31,280302
AMG,2017-04-06,160.63,161.76,158.73,159.35,258815
AMG,2017-04-07,160.81,161.91,159.47,159.47,321965
AMG,2017-04-10,161.19,161.99,159.77,160.46,260628
AMG,2017-04-11,162.62,162.67,159.18,160.62,296534
AMG,2017-04-12,162.25,163.42,161.19,163.17,289044
AMG,2017-04-13,161.28,163.77,160.66,161.44,294090
AMG,2017-04-14,161.28,161.28,161.28,161.28,0
AMG,2017-04-17,163.94,164.14,161.47,161.47,230328
AMG,2017-04-18,161.79,163.4,160.3175,162.4,324810
AMG,2017-04-19,162.77,164.31,162.27,163.12,289413
AMG,2017-04-20,164.58,165.0,162.39,163.92,249659
AMG,2017-04-21,163.31,164.99,162.95,164.18,219330
AMG,2017-04-24,166.45,167.26,164.76,167.11,299561
AMG,2017-04-25,166.12,168.59,164.68,166.87,305445
AMG,2017-04-26,165.93,167.615,165.79,166.18,184605
AMG,2017-04-27,165.67,166.63,163.97,166.63,239324
AMG,2017-04-28,165.59,166.39,163.99,165.53,362132
AMG,2017-05-01,155.84,162.5,155.21,162.0,1179404
AMG,2017-05-02,154.79,157.12,152.67,155.23,1067616
AMG,2017-05-03,155.31,155.85,152.94,154.05,472684
AMG,2017-05-04,155.43,157.2,154.33,155.37,487194
AMG,2017-05-05,154.71,156.307,154.33,156.04,627275
AMG,2017-05-08,154.04,155.34,152.81,154.83,525526
AMG,2017-05-09,154.0,154.63,152.3405,153.37,563058
AMG,2017-05-10,154.04,154.21,152.98,154.0,483953
AMG,2017-05-11,152.42,153.8,150.52,153.05,588187
AMG,2017-05-12,153.58,154.03,151.88,152.05,476975
AMG,2017-05-15,154.75,155.38,154.015,154.04,294961
AMG,2017-05-16,154.55,154.9,152.97,154.9,380562
AMG,2017-05-17,151.08,153.18,150.448,152.22,719042
AMG,2017-05-18,149.51,151.73,148.81,150.9,865234
AMG,2017-05-19,152.69,153.11,149.08,149.61,681423
AMG,2017-05-22,153.98,154.745,152.345,153.27,312744
AMG,2017-05-23,152.66,153.91,151.97,153.91,419230
AMG,2017-05-24,152.5,153.1,151.39,152.68,449223
AMG,2017-05-25,154.0,154.26,152.63,153.41,499764
AMG,2017-05-26,153.92,154.57,153.16,153.6,443012
AMG,2017-05-29,153.92,153.92,153.92,153.92,0
AMG,2017-05-30,153.02,154.25,152.8,153.52,508912
AMG,2017-05-31,153.85,154.14,152.16,153.33,557593
AMG,2017-06-01,160.34,161.71,153.715,154.24,805153
AMG,2017-06-02,161.0,161.63,159.16,160.01,759459
AMG,2017-06-05,161.99,165.97,159.37,159.37,990203
AMG,2017-06-06,159.85,161.7,158.57,160.67,616653
AMG,2017-06-07,160.51,161.01,159.065,160.27,557265
AMG,2017-06-08,159.77,162.1,159.5,160.44,481526
AMG,2017-06-09,162.49,163.01,159.85,160.98,337977
AMG,2017-06-12,162.15,163.5,159.78,162.29,400939
AMG,2017-06-13,161.85,162.89,159.92,162.7,313927
AMG,2017-06-14,163.25,163.44,160.13,161.18,312088
AMG,2017-06-15,163.0,163.63,161.09,161.77,304752
AMG,2017-06-16,164.25,164.93,162.18,163.35,492976
AMG,2017-06-19,166.37,166.54,163.68,165.29,754976
AMG,2017-06-20,165.62,166.48,165.11,166.13,339313
AMG,2017-06-21,161.86,165.77,161.07,165.77,394173
AMG,2017-06-22,162.05,163.26,159.2888,161.22,328378
AMG,2017-06-23,161.27,162.99,160.343,162.36,1278856
AMG,2017-06-26,162.36,165.0,161.52,162.34,287954
AMG,2017-06-27,162.71,163.9,161.71,163.33,268071
AMG,2017-06-28,165.94,166.95,163.29,164.12,429869
AMG,2017-06-29,165.01,169.16,164.11,168.39,464801
AMG,2017-06-30,165.86,167.6,165.785,166.1,318233
AMG,2017-07-03,168.32,169.98,167.38,167.47,226839
AMG,2017-07-04,168.32,168.32,168.32,168.32,0
AMG,2017-07-05,170.29,171.5899,168.09,169.23,508789
AMG,2017-07-06,166.18,170.48,166.03,169.92,543202
AMG,2017-07-07,169.87,170.81,167.16,167.16,377952
AMG,2017-07-10,172.71,174.03,169.0,169.69,474736
AMG,2017-07-11,171.65,173.44,170.32,172.91,324970
AMG,2017-07-12,174.03,174.78,171.71,172.29,468789
AMG,2017-07-13,175.15,175.6,172.78,174.47,404733
AMG,2017-07-14,175.53,176.11,174.345,174.55,331622
AMG,2017-07-17,176.3,176.74,175.54,175.99,242097
AMG,2017-07-18,176.99,177.54,175.08,175.88,263065
AMG,2017-07-19,176.99,177.855,176.71,177.41,356234
AMG,2017-07-20,177.91,179.81,177.28,177.7,429723
AMG,2017-07-21,178.35,179.08,176.79,177.75,213140
AMG,2017-07-24,179.05,180.17,178.0,178.0,242234
AMG,2017-07-25,181.46,182.67,179.84,180.97,265341
AMG,2017-07-26,181.59,182.66,180.34,181.57,281773
AMG,2017-07-27,178.84,184.71,177.63,184.22,472389
AMG,2017-07-28,178.65,180.61,177.01,178.37,404580
AMG,2017-07-31,185.83,186.455,177.03,178.95,582831
AMG,2017-08-01,185.98,187.08,184.82,187.08,384233
AMG,2017-08-02,180.67,185.795,180.12,185.08,380500
AMG,2017-08-03,180.18,181.0,179.0012,180.65,419564
AMG,2017-08-04,180.64,181.87,179.08,181.19,276755
AMG,2017-08-07,180.63,182.1,179.365,180.63,347891
AMG,2017-08-08,181.56,183.05,180.25,180.52,320229
AMG,2017-08-09,180.53,180.81,179.09,180.52,325038
AMG,2017-08-10,175.42,180.0,175.15,178.82,312238
AMG,2017-08-11,175.23,177.805,174.14,176.02,414171
AMG,2017-08-14,178.39,179.79,177.23,177.23,231556
AMG,2017-08-15,178.9,179.48,177.81,179.11,173342
AMG,2017-08-16,178.39,181.32,178.075,180.1,181748
AMG,2017-08-17,173.0,177.5984,172.82,177.43,468499
AMG,2017-08-18,172.84,174.23,171.59,172.61,267741
AMG,2017-08-21,172.05,172.82,171.07,172.82,203498
AMG,2017-08-22,175.4,175.61,172.75,172.83,223106
AMG,2017-08-23,174.19,175.55,173.67,174.29,258193
AMG,2017-08-24,174.73,175.26,172.66,174.9,259807
AMG,2017-08-25,174.88,176.91,174.01,175.6,244209
AMG,2017-08-28,173.99,175.9,173.14,175.9,156372
AMG,2017-08-29,173.88,174.26,171.26,171.76,203183
AMG,2017-08-30,174.04,174.81,173.36,173.87,172627
AMG,2017-08-31,176.69,177.06,174.305,174.93,306332
AMG,2017-09-01,177.11,178.5,176.56,177.31,179818
AMG,2017-09-04,177.11,177.11,177.11,177.11,0
AMG,2017-09-05,174.41,178.07,173.265,176.03,623028
AMG,2017-09-06,172.99,176.045,172.81,175.72,243478
AMG,2017-09-07,172.69,173.67,169.76,173.32,247239
AMG,2017-09-08,173.31,173.665,171.56,172.69,194857
AMG,2017-09-11,177.25,177.89,174.86,175.62,204122
AMG,2017-09-12,178.83,179.6,177.71,178.27,150934
AMG,2017-09-13,177.25,178.53,176.745,178.27,231520
AMG,2017-09-14,178.57,178.63,175.78,177.21,327088
AMG,2017-09-15,179.87,180.455,178.43,178.43,385790
AMG,2017-09-18,182.61,182.78,180.01,180.01,401485
AMG,2017-09-19,182.4,182.9,181.01,182.9,287327
AMG,2017-09-20,183.16,183.31,181.89,182.79,293418
AMG,2017-09-21,184.18,185.195,183.0,183.38,271367
AMG,2017-09-22,184.97,185.07,182.36,184.15,277603
AMG,2017-09-25,186.79,187.03,184.62,184.69,186213
AMG,2017-09-26,185.79,187.5,185.67,187.01,232810
AMG,2017-09-27,188.45,189.86,186.78,186.92,354255
AMG,2017-09-28,189.39,189.835,187.5,188.28,146917
AMG,2017-09-29,189.83,191.9799,188.26,188.71,176650
AMG,2017-10-02,192.6,193.085,188.94,190.02,269790
AMG,2017-10-03,192.87,193.725,190.01,192.0,422418
AMG,2017-10-04,195.08,195.81,193.185,193.79,365543
AMG,2017-10-05,195.22,196.77,194.6,195.34,234492
AMG,2017-10-06,194.62,195.8,193.12,195.28,180973
AMG,2017-10-09,194.12,196.0,193.54,195.25,289515
AMG,2017-10-10,195.22,195.49,193.0,194.91,355039
AMG,2017-10-11,194.56,195.66,194.0,195.27,321744
AMG,2017-10-12,193.76,195.75,192.78,194.25,391899
AMG,2017-10-13,193.55,195.8699,192.49,193.79,364396
AMG,2017-10-16,195.3,195.96,194.16,194.16,291799
AMG,2017-10-17,193.79,195.76,193.39,195.57,243098
AMG,2017-10-18,195.46,196.18,193.735,193.85,171995
AMG,2017-10-19,195.72,196.32,193.42,194.13,116010
AMG,2017-10-20,197.54,198.305,195.99,195.99,223342
AMG,2017-10-23,195.85,198.395,195.41,197.6,287631
AMG,2017-10-24,195.59,197.13,194.87,196.7,221122
AMG,2017-10-25,189.19,196.81,187.68,195.72,422806
AMG,2017-10-26,190.99,191.23,188.91,189.74,306540
AMG,2017-10-27,190.68,191.9,189.46,190.35,296195
AMG,2017-10-30,185.5,188.5,183.86,188.5,393447
AMG,2017-10-31,186.5,187.59,184.25,184.67,517073
AMG,2017-11-01,186.11,188.57,185.68,187.85,303284
AMG,2017-11-02,185.34,186.98,183.89,185.67,237274
AMG,2017-11-03,185.35,185.56,183.455,184.57,384323
AMG,2017-11-06,186.06,186.97,184.67,185.33,226784
AMG,2017-11-07,185.54,187.79,184.49,186.06,239681
AMG,2017-11-08,185.95,186.5,184.18,185.07,238045
AMG,2017-11-09,185.11,186.63,184.01,184.42,369251
AMG,2017-11-10,184.36,186.58,183.6,185.55,239455
AMG,2017-11-13,182.86,183.35,181.3337,182.86,282560
AMG,2017-11-14,183.15,183.36,180.42,181.82,467628
AMG,2017-11-15,184.77,185.2299,178.87,180.92,353128
AMG,2017-11-16,185.49,187.15,185.05,186.0,243759
AMG,2017-11-17,186.09,187.57,184.1,184.54,321877
AMG,2017-11-20,186.68,188.35,186.15,186.87,203541
AMG,2017-11-21,190.33,190.35,187.005,187.88,270181
AMG,2017-11-22,189.99,190.945,189.87,190.54,148790
AMG,2017-11-23,189.99,189.99,189.99,189.99,0
AMG,2017-11-24,190.37,190.82,189.09,190.78,85793
AMG,2017-11-27,192.68,193.05,190.35,190.35,296867
AMG,2017-11-28,196.63,196.83,191.74,193.48,360334
AMG,2017-11-29,198.63,200.51,196.94,197.73,340468
AMG,2017-11-30,198.67,202.0922,197.795,200.43,328547
AMG,2017-12-01,197.85,199.3,190.91,199.3,473249
AMG,2017-12-04,197.36,200.795,196.89,199.71,256852
AMG,2017-12-05,197.01,198.8,195.5,198.14,255591
AMG,2017-12-06,197.99,199.69,196.52,197.13,194718
AMG,2017-12-07,198.21,200.07,196.875,197.9,187832
AMG,2017-12-08,200.43,200.55,198.11,198.84,245890
AMG,2017-12-11,198.0,200.52,197.39,200.44,264364
AMG,2017-12-12,196.75,198.8,196.35,198.22,424893
AMG,2017-12-13,195.72,198.39,195.64,197.5,300892
AMG,2017-12-14,194.19,196.82,194.06,195.99,231041
AMG,2017-12-15,198.64,199.76,194.94,194.94,598814
AMG,2017-12-18,201.37,202.05,199.07,200.91,379514
AMG,2017-12-19,202.2,203.35,201.54,202.7,242016
AMG,2017-12-20,202.59,204.96,201.87,203.98,223334
AMG,2017-12-21,201.88,203.9236,201.7,203.28,174996
AMG,2017-12-22,204.2,204.89,202.14,203.2,165094
AMG,2017-12-25,204.2,204.2,204.2,204.2,0
AMG,2017-12-26,204.06,204.61,203.01,203.98,127473
AMG,2017-12-27,204.67,205.62,203.72,204.59,207100
AMG,2017-12-28,206.51,206.75,204.3203,204.52,177101
AMG,2017-12-29,205.25,207.6699,205.17,207.32,293375
